-- phpMyAdmin SQL Dump
-- version 5.2.0
-- https://www.phpmyadmin.net/
--
-- Host: 127.0.0.1
-- Generation Time: Jul 05, 2023 at 01:00 PM
-- Server version: 10.4.27-MariaDB
-- PHP Version: 8.1.12

SET SQL_MODE = "NO_AUTO_VALUE_ON_ZERO";
START TRANSACTION;
SET time_zone = "+00:00";


/*!40101 SET @OLD_CHARACTER_SET_CLIENT=@@CHARACTER_SET_CLIENT */;
/*!40101 SET @OLD_CHARACTER_SET_RESULTS=@@CHARACTER_SET_RESULTS */;
/*!40101 SET @OLD_COLLATION_CONNECTION=@@COLLATION_CONNECTION */;
/*!40101 SET NAMES utf8mb4 */;

--
-- Database: `rbs`
--

-- --------------------------------------------------------

--
-- Table structure for table `agents`
--

CREATE TABLE `agents` (
  `id` int(11) NOT NULL,
  `name` varchar(255) NOT NULL DEFAULT 'name',
  `phone1` varchar(15) NOT NULL DEFAULT 'phone1',
  `phone2` varchar(15) NOT NULL DEFAULT 'phone2',
  `fb_posts` int(11) NOT NULL DEFAULT 0,
  `fb_rells` int(11) NOT NULL DEFAULT 0,
  `fb_storys` int(11) NOT NULL DEFAULT 0,
  `fb_videos` int(11) NOT NULL DEFAULT 0,
  `ins_posts` int(11) NOT NULL DEFAULT 0,
  `ins_rells` int(11) NOT NULL DEFAULT 0,
  `ins_storys` int(11) NOT NULL DEFAULT 0,
  `ins_videos` int(11) NOT NULL DEFAULT 0,
  `ins_highlight` int(11) NOT NULL DEFAULT 0,
  `wb_blog` int(11) NOT NULL DEFAULT 0,
  `wb_photos` int(11) NOT NULL DEFAULT 0,
  `wb_videos` int(11) NOT NULL DEFAULT 0,
  `yt_shorts` int(11) NOT NULL DEFAULT 0,
  `yt_videos` int(11) NOT NULL DEFAULT 0,
  `ds_frame` int(11) NOT NULL DEFAULT 0,
  `ds_cover` int(11) NOT NULL DEFAULT 0,
  `ds_posts` int(11) NOT NULL DEFAULT 0,
  `active` tinyint(4) NOT NULL DEFAULT 0,
  `image` varchar(255) NOT NULL DEFAULT 'image',
  `renewal_date` timestamp NOT NULL DEFAULT current_timestamp()
) ENGINE=InnoDB DEFAULT CHARSET=utf8mb4 COLLATE=utf8mb4_general_ci;

-- --------------------------------------------------------

--
-- Table structure for table `campaigns`
--

CREATE TABLE `campaigns` (
  `id` int(11) NOT NULL,
  `agent_name` varchar(255) NOT NULL DEFAULT 'agent_name',
  `name` varchar(255) NOT NULL DEFAULT 'name',
  `image` varchar(255) NOT NULL DEFAULT ' image',
  `link` longtext NOT NULL,
  `active` tinyint(4) NOT NULL DEFAULT 0,
  `start_date` timestamp NOT NULL DEFAULT current_timestamp(),
  `end_date` timestamp NOT NULL DEFAULT current_timestamp()
) ENGINE=InnoDB DEFAULT CHARSET=utf8mb4 COLLATE=utf8mb4_general_ci;

-- --------------------------------------------------------

--
-- Table structure for table `emp`
--

CREATE TABLE `emp` (
  `emp_id` int(11) NOT NULL,
  `emp_name` varchar(50) NOT NULL DEFAULT 'emp_name',
  `emp_tel1` varchar(15) NOT NULL DEFAULT 'emp_tel1',
  `emp_tel2` varchar(15) NOT NULL DEFAULT 'emp_tel2',
  `emp_birth` date NOT NULL DEFAULT current_timestamp(),
  `emp_natid` varchar(15) NOT NULL DEFAULT 'emp_natid',
  `emp_address` varchar(100) NOT NULL DEFAULT 'emp_address',
  `emp_jop` varchar(15) NOT NULL DEFAULT 'emp_jop',
  `emp_work_start` date NOT NULL DEFAULT current_timestamp(),
  `emp_work_end` date NOT NULL DEFAULT current_timestamp(),
  `emp_stopped` tinyint(4) NOT NULL DEFAULT 0,
  `emp_sal` int(11) NOT NULL DEFAULT 0,
  `emp_hours` tinyint(4) NOT NULL DEFAULT 8
) ENGINE=InnoDB DEFAULT CHARSET=utf8mb4 COLLATE=utf8mb4_general_ci;

--
-- Dumping data for table `emp`
--

INSERT INTO `emp` (`emp_id`, `emp_name`, `emp_tel1`, `emp_tel2`, `emp_birth`, `emp_natid`, `emp_address`, `emp_jop`, `emp_work_start`, `emp_work_end`, `emp_stopped`, `emp_sal`, `emp_hours`) VALUES
(14, 'حسام مجدي', '1231231123', '12321312312', '2001-01-01', '21231231244313', 'الفيوم', 'مدير', '2023-04-23', '0000-00-00', 0, 200000, 4),
(15, 'احمد عماد', '123213121', '32345678434', '2023-04-23', '12231233342234', 'الفيوم', 'كاشير', '2023-04-23', '0000-00-00', 0, 3600, 8),
(16, 'محمد سيد', '13242342', '23423242324', '2023-04-23', '13323123212423', 'الفيوم', 'مشرف', '2023-04-23', '0000-00-00', 1, 4500, 12),
(17, 'اخمد مجدي', '1231231123', '12321312312', '2001-01-01', '21231231244313', 'الفيوم', 'مدير', '2023-04-23', '0000-00-00', 0, 5000, 8),
(18, 'احمد معوض', '123213121', '32345678434', '2023-04-23', '12231233342234', 'الفيوم', 'كاشير', '2023-04-23', '0000-00-00', 0, 3000, 8),
(19, 'هاني سيد', '13242342', '23423242324', '2023-04-23', '13323123212423', 'الفيوم', 'مشرف', '2023-04-23', '0000-00-00', 1, 4500, 12),
(20, 'حسام سامح', '1231231123', '12321312312', '2001-01-01', '21231231244313', 'الفيوم', 'بائع', '2023-04-23', '0000-00-00', 0, 3500, 12),
(21, 'احمد رضا', '123213121', '32345678434', '2023-04-23', '12231233342234', 'الفيوم', 'كاشير', '2023-04-23', '0000-00-00', 0, 3000, 8),
(22, 'محمد يوسف', '13242342', '23423242324', '2023-04-23', '13323123212423', 'الفيوم', 'مشرف', '2023-04-23', '0000-00-00', 0, 4500, 12),
(23, 'اخمد سعيد', '1231231123', '12321312312', '2001-01-01', '21231231244313', 'الفيوم', 'بائع', '2023-04-23', '0000-00-00', 0, 5000, 8),
(24, 'احمد عبدالله', '123213121', '32345678434', '2023-04-23', '12231233342234', 'الفيوم', 'بائع', '2023-04-23', '0000-00-00', 0, 3000, 8),
(25, 'محمد صادق', '13242342', '23423242324', '2023-04-23', '13323123212423', 'الفيوم', 'بائع', '2023-04-23', '0000-00-00', 0, 4500, 12),
(26, 'احمد خالد', '23123213', '12131322213', '2023-04-26', '12312311222123', '212121', 'كاشير', '2023-04-26', '0000-00-00', 0, 3000, 8),
(27, 'test', '0192910910', '01019129010', '1998-05-18', '01939121412012', 'test', 'مشرف', '2023-05-07', '0000-00-00', 0, 3600, 8);

-- --------------------------------------------------------

--
-- Table structure for table `emp_attend`
--

CREATE TABLE `emp_attend` (
  `day_id` int(11) NOT NULL,
  `emp_id` int(10) NOT NULL DEFAULT 0,
  `emp_name` varchar(50) NOT NULL DEFAULT 'emp_name',
  `emp_jop` varchar(20) NOT NULL DEFAULT 'emp_jop',
  `emp_sal` int(11) NOT NULL DEFAULT 0,
  `emp_hours` tinyint(4) NOT NULL DEFAULT 0,
  `day` date NOT NULL DEFAULT current_timestamp(),
  `emp_attend` timestamp NOT NULL DEFAULT current_timestamp(),
  `emp_exit` timestamp NOT NULL DEFAULT current_timestamp(),
  `is_exit` tinyint(4) NOT NULL DEFAULT 0,
  `emp_holiday` tinyint(4) NOT NULL DEFAULT 0,
  `emp_absence` tinyint(4) NOT NULL DEFAULT 0,
  `emp_rest` int(11) NOT NULL DEFAULT 0,
  `emp_notes` varchar(255) NOT NULL DEFAULT 'emp_notes',
  `minutes` int(11) NOT NULL DEFAULT 0,
  `payment` int(11) NOT NULL DEFAULT 0,
  `exept` int(11) NOT NULL DEFAULT 0,
  `bouns` int(11) NOT NULL DEFAULT 0
) ENGINE=InnoDB DEFAULT CHARSET=utf8mb4 COLLATE=utf8mb4_general_ci;

--
-- Dumping data for table `emp_attend`
--

INSERT INTO `emp_attend` (`day_id`, `emp_id`, `emp_name`, `emp_jop`, `emp_sal`, `emp_hours`, `day`, `emp_attend`, `emp_exit`, `is_exit`, `emp_holiday`, `emp_absence`, `emp_rest`, `emp_notes`, `minutes`, `payment`, `exept`, `bouns`) VALUES
(149, 15, 'احمد عماد', 'كاشير', 3000, 8, '2023-04-16', '2023-04-16 06:01:28', '2023-04-16 15:27:27', 1, 0, 0, 0, '', 565, 0, 0, 0),
(150, 17, 'اخمد مجدي', 'مدير', 5000, 8, '2023-04-16', '2023-04-16 06:01:34', '2023-04-16 15:27:31', 1, 0, 0, 0, '', 565, 0, 0, 0),
(151, 18, 'احمد معوض', 'كاشير', 3000, 8, '2023-04-16', '2023-04-16 06:01:39', '2023-04-16 15:27:33', 1, 0, 0, 0, '', 565, 0, 0, 0),
(152, 21, 'احمد رضا', 'كاشير', 3000, 8, '2023-04-16', '2023-04-16 06:01:51', '2023-04-16 15:27:36', 1, 0, 0, 0, '', 565, 0, 0, 0),
(153, 20, 'حسام سامح', 'بائع', 3500, 12, '2023-04-16', '2023-04-16 06:01:02', '2023-04-16 06:01:02', 0, 0, 1, 0, '', 0, 0, 0, 0),
(154, 19, 'هاني سيد', 'مشرف', 4500, 12, '2023-04-16', '2023-04-16 06:01:43', '2023-04-16 15:27:47', 1, 0, 0, 0, '', 566, 0, 0, 0),
(155, 24, 'احمد عبدالله', 'بائع', 3000, 8, '2023-04-16', '2023-04-16 06:01:59', '2023-04-16 15:27:39', 1, 0, 0, 0, '', 565, 0, 0, 0),
(156, 16, 'محمد سيد', 'مشرف', 4500, 12, '2023-04-16', '2023-04-16 06:01:55', '2023-04-16 15:27:51', 1, 0, 0, 0, '', 565, 0, 0, 0),
(157, 22, 'محمد يوسف', 'مشرف', 4500, 12, '2023-04-16', '2023-04-16 06:01:02', '2023-04-16 06:01:02', 0, 0, 1, 0, '', 0, 0, 0, 0),
(158, 14, 'حسام مجدي', 'مدير', 19999999, 2, '2023-04-16', '2023-04-16 06:02:02', '2023-04-16 15:27:56', 1, 0, 0, 0, '', 565, 0, 0, 0),
(159, 25, 'محمد صادق', 'بائع', 4500, 12, '2023-04-16', '2023-04-16 06:01:02', '2023-04-16 06:01:02', 0, 0, 1, 0, '', 0, 0, 0, 0),
(160, 23, 'اخمد سعيد', 'بائع', 5000, 8, '2023-04-16', '2023-04-16 06:02:12', '2023-04-16 15:27:43', 1, 0, 0, 0, '', 565, 0, 0, 0),
(185, 15, 'احمد عماد', 'كاشير', 3000, 8, '2023-04-17', '2023-04-17 06:01:12', '2023-04-17 15:18:07', 1, 0, 0, 0, '', 556, 0, 0, 0),
(186, 17, 'اخمد مجدي', 'مدير', 5000, 8, '2023-04-17', '2023-04-17 06:01:15', '2023-04-17 15:17:58', 1, 0, 0, 0, '', 556, 0, 0, 0),
(187, 14, 'حسام مجدي', 'مدير', 19999999, 2, '2023-04-17', '2023-04-17 06:01:19', '2023-04-17 06:01:06', 0, 1, 0, 0, '', 0, 0, 0, 0),
(188, 18, 'احمد معوض', 'كاشير', 3000, 8, '2023-04-17', '2023-04-17 06:01:21', '2023-04-17 15:18:00', 1, 0, 0, 0, '', 556, 0, 0, 0),
(189, 20, 'حسام سامح', 'بائع', 3500, 12, '2023-04-17', '2023-04-17 06:01:24', '2023-04-17 15:18:25', 1, 0, 0, 0, '', 557, 0, 0, 0),
(190, 22, 'محمد يوسف', 'مشرف', 4500, 12, '2023-04-17', '2023-04-17 06:01:26', '2023-04-17 15:18:22', 1, 0, 0, 0, '', 556, 0, 0, 0),
(191, 23, 'اخمد سعيد', 'بائع', 5000, 8, '2023-04-17', '2023-04-17 06:01:29', '2023-04-17 15:18:19', 1, 0, 0, 0, '', 556, 0, 0, 0),
(192, 24, 'احمد عبدالله', 'بائع', 3000, 8, '2023-04-17', '2023-04-17 06:01:31', '2023-04-17 15:18:16', 1, 0, 0, 0, '', 556, 0, 0, 0),
(193, 25, 'محمد صادق', 'بائع', 4500, 12, '2023-04-17', '2023-04-17 06:01:33', '2023-04-17 15:18:13', 1, 0, 0, 0, '', 556, 0, 0, 0),
(194, 16, 'محمد سيد', 'مشرف', 4500, 12, '2023-04-17', '2023-04-17 06:01:38', '2023-04-17 15:18:03', 1, 0, 0, 0, '', 556, 0, 0, 0),
(195, 21, 'احمد رضا', 'كاشير', 3000, 8, '2023-04-17', '2023-04-17 06:01:36', '2023-04-17 15:17:55', 1, 0, 0, 0, '', 556, 0, 0, 0),
(196, 19, 'هاني سيد', 'مشرف', 4500, 12, '2023-04-17', '2023-04-17 06:01:41', '2023-04-17 06:01:06', 0, 1, 0, 0, '', 0, 0, 0, 0),
(197, 14, 'حسام مجدي', 'مدير', 19999999, 2, '2023-04-18', '2023-04-18 06:03:57', '2023-04-18 15:50:37', 1, 0, 0, 0, '', -133, 0, 0, 0),
(198, 17, 'اخمد مجدي', 'مدير', 5000, 8, '2023-04-18', '2023-04-18 06:04:06', '2023-04-18 15:50:37', 1, 0, 0, 0, '', -133, 0, 0, 0),
(199, 20, 'حسام سامح', 'بائع', 3500, 12, '2023-04-18', '2023-04-18 06:15:35', '2023-04-18 15:53:04', 1, 0, 0, 0, '', 577, 0, 0, 0),
(200, 21, 'احمد رضا', 'كاشير', 3000, 8, '2023-04-18', '2023-04-18 06:15:53', '2023-04-18 15:53:09', 1, 0, 0, 0, '', 577, 0, 0, 0),
(201, 15, 'احمد عماد', 'كاشير', 3000, 8, '2023-04-18', '2023-04-18 06:15:49', '2023-04-18 06:03:43', 0, 1, 0, 0, '', 0, 0, 0, 0),
(202, 24, 'احمد عبدالله', 'بائع', 3000, 8, '2023-04-18', '2023-04-18 06:16:09', '2023-04-18 15:53:13', 1, 0, 0, 0, '', 577, 0, 0, 0),
(203, 23, 'اخمد سعيد', 'بائع', 5000, 8, '2023-04-18', '2023-04-18 06:16:14', '2023-04-18 15:53:17', 1, 0, 0, 0, '', 577, 0, 0, 0),
(204, 18, 'احمد معوض', 'كاشير', 3000, 8, '2023-04-18', '2023-04-18 06:03:43', '2023-04-18 06:03:43', 0, 0, 1, 0, '', 0, 0, 0, 0),
(205, 22, 'محمد يوسف', 'مشرف', 4500, 12, '2023-04-18', '2023-04-18 06:15:41', '2023-04-18 06:03:43', 0, 1, 0, 0, '', 0, 0, 0, 0),
(207, 25, 'محمد صادق', 'بائع', 4500, 12, '2023-04-18', '2023-04-18 06:16:42', '2023-04-18 06:16:42', 0, 0, 1, 0, '', 0, 0, 0, 0),
(208, 14, 'حسام مجدي', 'مدير', 19999999, 2, '2023-04-25', '2023-04-25 03:19:20', '2023-04-25 03:19:20', 0, 0, 1, 0, '', 0, 0, 0, 0),
(209, 15, 'احمد عماد', 'كاشير', 3000, 8, '2023-04-25', '2023-04-25 03:37:05', '2023-04-25 03:19:20', 0, 0, 0, 0, '', 0, 0, 0, 0),
(210, 18, 'احمد معوض', 'كاشير', 3000, 8, '2023-04-25', '2023-04-25 03:19:20', '2023-04-25 03:19:20', 0, 0, 1, 0, '', 0, 0, 0, 0),
(211, 25, 'محمد صادق', 'بائع', 4500, 12, '2023-04-25', '2023-04-25 03:19:20', '2023-04-25 03:19:20', 0, 0, 1, 0, '', 0, 0, 0, 0),
(212, 22, 'محمد يوسف', 'مشرف', 4500, 12, '2023-04-25', '2023-04-25 06:18:50', '2023-04-25 03:19:20', 0, 0, 0, 0, '', 0, 0, 0, 0),
(213, 23, 'اخمد سعيد', 'بائع', 5000, 8, '2023-04-25', '2023-04-25 03:19:20', '2023-04-25 03:19:20', 0, 0, 1, 0, '', 0, 0, 0, 0),
(214, 21, 'احمد رضا', 'كاشير', 3000, 8, '2023-04-25', '2023-04-25 03:19:20', '2023-04-25 03:19:20', 0, 0, 1, 0, '', 0, 0, 0, 0),
(215, 17, 'اخمد مجدي', 'مدير', 5000, 8, '2023-04-25', '2023-04-25 03:34:12', '2023-04-25 03:19:20', 0, 1, 0, 0, '', 480, 0, 0, 0),
(216, 24, 'احمد عبدالله', 'بائع', 3000, 8, '2023-04-25', '2023-04-25 03:19:20', '2023-04-25 03:19:20', 0, 0, 1, 0, '', 0, 0, 0, 0),
(217, 20, 'حسام سامح', 'بائع', 3500, 12, '2023-04-25', '2023-04-25 03:19:20', '2023-04-25 03:19:20', 0, 0, 1, 0, '', 0, 0, 0, 0),
(218, 15, 'احمد عماد', 'كاشير', 3600, 8, '2023-04-26', '2023-04-26 00:23:02', '2023-04-25 23:28:03', 0, 0, 0, 0, '', 0, 0, 0, 0),
(219, 22, 'محمد يوسف', 'مشرف', 4500, 12, '2023-04-26', '2023-04-26 00:24:12', '2023-04-25 23:28:03', 0, 1, 0, 0, '', 720, 0, 0, 0),
(220, 23, 'اخمد سعيد', 'بائع', 5000, 8, '2023-04-26', '2023-04-26 00:23:09', '2023-04-25 23:28:03', 0, 0, 0, 0, '', 0, 0, 0, 0),
(221, 18, 'احمد معوض', 'كاشير', 3000, 8, '2023-04-26', '2023-04-25 23:28:03', '2023-04-25 23:28:03', 0, 0, 1, 15, 'wd', 0, 100, 0, 10),
(222, 20, 'حسام سامح', 'بائع', 3500, 12, '2023-04-26', '2023-04-25 23:28:03', '2023-04-25 23:28:03', 0, 0, 1, 0, '', 0, 0, 0, 0),
(223, 14, 'حسام مجدي', 'مدير', 15000, 4, '2023-04-26', '2023-04-25 23:28:03', '2023-04-25 23:28:03', 0, 0, 1, 0, '', 0, 0, 0, 0),
(224, 21, 'احمد رضا', 'كاشير', 3000, 8, '2023-04-26', '2023-04-25 23:28:03', '2023-04-25 23:28:03', 0, 0, 1, 0, '', 0, 0, 0, 0),
(225, 17, 'اخمد مجدي', 'مدير', 5000, 8, '2023-04-26', '2023-04-25 23:28:03', '2023-04-25 23:28:03', 0, 0, 1, 0, '', 0, 0, 0, 0),
(226, 25, 'محمد صادق', 'بائع', 4500, 12, '2023-04-26', '2023-04-25 23:28:03', '2023-04-25 23:28:03', 0, 0, 1, 0, '', 0, 0, 0, 0),
(227, 24, 'احمد عبدالله', 'بائع', 3000, 8, '2023-04-26', '2023-04-25 23:28:03', '2023-04-25 23:28:03', 0, 0, 1, 0, '', 0, 0, 0, 0),
(251, 14, 'حسام مجدي', 'مدير', 200000, 4, '2023-04-29', '2023-04-29 16:06:55', '2023-04-29 16:36:45', 1, 0, 0, 0, '1', 29, 0, 0, 2000),
(252, 21, 'احمد رضا', 'كاشير', 3000, 8, '2023-04-29', '2023-04-29 16:07:27', '2023-04-29 16:06:27', 0, 1, 0, 0, 'q', 480, 250, 0, 0),
(253, 24, 'احمد عبدالله', 'بائع', 3000, 8, '2023-04-29', '2023-04-29 16:06:27', '2023-04-29 16:06:27', 0, 0, 1, 0, '', 0, 0, 0, 0),
(254, 23, 'اخمد سعيد', 'بائع', 5000, 8, '2023-04-29', '2023-04-29 16:06:27', '2023-04-29 16:06:27', 0, 0, 1, 0, '', 0, 0, 0, 0),
(255, 17, 'اخمد مجدي', 'مدير', 5000, 8, '2023-04-29', '2023-04-29 16:06:27', '2023-04-29 16:06:27', 0, 0, 1, 0, '', 0, 0, 0, 0),
(256, 22, 'محمد يوسف', 'مشرف', 4500, 12, '2023-04-29', '2023-04-29 16:06:27', '2023-04-29 16:06:27', 0, 0, 1, 0, '', 0, 0, 0, 0),
(257, 20, 'حسام سامح', 'بائع', 3500, 12, '2023-04-29', '2023-04-29 16:06:27', '2023-04-29 16:06:27', 0, 0, 1, 0, '', 0, 0, 0, 0),
(258, 25, 'محمد صادق', 'بائع', 4500, 12, '2023-04-29', '2023-04-29 16:06:27', '2023-04-29 16:06:27', 0, 0, 1, 0, '', 0, 0, 0, 0),
(259, 15, 'احمد عماد', 'كاشير', 3600, 8, '2023-04-29', '2023-04-29 16:06:27', '2023-04-29 16:06:27', 0, 0, 1, 0, '', 0, 0, 0, 0),
(260, 18, 'احمد معوض', 'كاشير', 3000, 8, '2023-04-29', '2023-04-29 16:06:27', '2023-04-29 16:06:27', 0, 0, 1, 0, '', 0, 0, 0, 0),
(261, 26, 'احمد خالد', 'كاشير', 3000, 8, '2023-04-29', '2023-04-29 16:06:27', '2023-04-29 16:06:27', 0, 0, 1, 0, '', 0, 0, 0, 0),
(262, 15, 'احمد عماد', 'كاشير', 3600, 8, '2023-04-27', '2023-04-27 06:24:15', '2023-04-27 18:26:01', 1, 0, 0, 0, '', 721, 0, 0, 0),
(263, 14, 'حسام مجدي', 'مدير', 200000, 4, '2023-04-27', '2023-04-27 06:24:01', '2023-04-27 18:25:50', 1, 0, 0, 79, '1', 721, 50, 100, 200),
(264, 21, 'احمد رضا', 'كاشير', 3000, 8, '2023-04-27', '2023-04-27 06:24:31', '2023-04-27 06:22:55', 0, 1, 0, 0, '', 480, 0, 0, 0),
(265, 22, 'محمد يوسف', 'مشرف', 4500, 12, '2023-04-27', '2023-04-27 06:24:10', '2023-04-27 18:25:58', 1, 0, 0, 0, '', 721, 0, 0, 0),
(266, 23, 'اخمد سعيد', 'بائع', 5000, 8, '2023-04-27', '2023-04-27 06:22:55', '2023-04-27 06:22:55', 0, 0, 1, 0, '', 0, 0, 0, 0),
(267, 18, 'احمد معوض', 'كاشير', 3000, 8, '2023-04-27', '2023-04-27 06:24:26', '2023-04-27 06:22:55', 0, 1, 0, 0, '', 480, 0, 0, 0),
(268, 20, 'حسام سامح', 'بائع', 3500, 12, '2023-04-27', '2023-04-27 06:22:55', '2023-04-27 06:22:55', 0, 0, 1, 0, '', 0, 0, 0, 0),
(269, 17, 'اخمد مجدي', 'مدير', 5000, 8, '2023-04-27', '2023-04-27 06:24:06', '2023-04-27 18:25:54', 1, 0, 0, 0, '', 721, 0, 0, 0),
(270, 26, 'احمد خالد', 'كاشير', 3000, 8, '2023-04-27', '2023-04-27 06:24:36', '2023-04-27 06:22:55', 0, 1, 0, 0, '', 480, 0, 0, 0),
(271, 25, 'محمد صادق', 'بائع', 4500, 12, '2023-04-27', '2023-04-27 06:22:55', '2023-04-27 06:22:55', 0, 0, 1, 0, '', 0, 0, 0, 0),
(272, 24, 'احمد عبدالله', 'بائع', 3000, 8, '2023-04-27', '2023-04-27 06:22:55', '2023-04-27 06:22:55', 0, 0, 1, 0, '', 0, 0, 0, 0),
(273, 24, 'احمد عبدالله', 'بائع', 3000, 8, '2023-04-30', '2023-04-30 20:51:01', '2023-04-30 20:50:06', 0, 0, 0, 0, '', 0, 0, 0, 0),
(274, 20, 'حسام سامح', 'بائع', 3500, 12, '2023-04-30', '2023-04-30 20:50:06', '2023-04-30 20:50:06', 0, 0, 1, 0, '', 0, 0, 0, 0),
(275, 18, 'احمد معوض', 'كاشير', 3000, 8, '2023-04-30', '2023-04-30 20:50:06', '2023-04-30 20:50:06', 0, 0, 1, 0, '', 0, 0, 0, 0),
(276, 15, 'احمد عماد', 'كاشير', 3600, 8, '2023-04-30', '2023-04-30 20:50:06', '2023-04-30 20:50:06', 0, 0, 1, 0, '', 0, 0, 0, 0),
(277, 22, 'محمد يوسف', 'مشرف', 4500, 12, '2023-04-30', '2023-04-30 20:51:08', '2023-04-30 20:50:06', 0, 1, 0, 0, '', 720, 0, 0, 0),
(278, 17, 'اخمد مجدي', 'مدير', 5000, 8, '2023-04-30', '2023-04-30 20:50:06', '2023-04-30 20:50:06', 0, 0, 1, 0, '', 0, 0, 0, 0),
(279, 25, 'محمد صادق', 'بائع', 4500, 12, '2023-04-30', '2023-04-30 20:50:06', '2023-04-30 20:50:06', 0, 0, 1, 0, '', 0, 0, 0, 0),
(280, 23, 'اخمد سعيد', 'بائع', 5000, 8, '2023-04-30', '2023-04-30 20:50:06', '2023-04-30 20:50:06', 0, 0, 1, 0, '', 0, 0, 0, 0),
(281, 14, 'حسام مجدي', 'مدير', 200000, 4, '2023-04-30', '2023-04-30 20:50:06', '2023-04-30 20:50:06', 0, 0, 1, 0, '', 0, 0, 0, 0),
(282, 21, 'احمد رضا', 'كاشير', 3000, 8, '2023-04-30', '2023-04-30 20:50:06', '2023-04-30 20:50:06', 0, 0, 1, 0, '', 0, 0, 0, 0),
(283, 26, 'احمد خالد', 'كاشير', 3000, 8, '2023-04-30', '2023-04-30 20:50:06', '2023-04-30 20:50:06', 0, 0, 1, 0, '', 0, 0, 0, 0),
(284, 14, 'حسام مجدي', 'مدير', 200000, 4, '2023-05-01', '2023-04-30 21:46:29', '2023-04-30 21:45:32', 0, 0, 0, 0, '', 0, 0, 0, 0),
(285, 17, 'اخمد مجدي', 'مدير', 5000, 8, '2023-05-01', '2023-04-30 21:48:24', '2023-04-30 21:45:32', 0, 0, 0, 0, '', 0, 0, 0, 0),
(286, 18, 'احمد معوض', 'كاشير', 3000, 8, '2023-05-01', '2023-04-30 21:45:32', '2023-04-30 21:45:32', 0, 0, 1, 0, '', 0, 0, 0, 0),
(287, 21, 'احمد رضا', 'كاشير', 3000, 8, '2023-05-01', '2023-04-30 21:48:32', '2023-04-30 21:45:32', 0, 1, 0, 0, '', 480, 0, 0, 0),
(288, 20, 'حسام سامح', 'بائع', 3500, 12, '2023-05-01', '2023-04-30 21:45:32', '2023-04-30 21:45:32', 0, 0, 1, 0, '', 0, 0, 0, 0),
(289, 23, 'اخمد سعيد', 'بائع', 5000, 8, '2023-05-01', '2023-04-30 21:48:36', '2023-04-30 21:45:32', 0, 1, 0, 0, '', 480, 0, 0, 0),
(290, 24, 'احمد عبدالله', 'بائع', 3000, 8, '2023-05-01', '2023-04-30 21:45:32', '2023-04-30 21:45:32', 0, 0, 1, 0, '', 0, 0, 0, 0),
(291, 25, 'محمد صادق', 'بائع', 4500, 12, '2023-05-01', '2023-04-30 21:45:32', '2023-04-30 21:45:32', 0, 0, 1, 0, '', 0, 0, 0, 0),
(292, 15, 'احمد عماد', 'كاشير', 3600, 8, '2023-05-01', '2023-04-30 21:48:43', '2023-04-30 21:45:32', 0, 1, 0, 0, '', 480, 0, 0, 0),
(293, 26, 'احمد خالد', 'كاشير', 3000, 8, '2023-05-01', '2023-04-30 21:45:32', '2023-04-30 21:45:32', 0, 0, 1, 0, '', 0, 0, 0, 0),
(294, 22, 'محمد يوسف', 'مشرف', 4500, 12, '2023-05-01', '2023-04-30 21:45:32', '2023-04-30 21:45:32', 0, 0, 1, 0, '', 0, 0, 0, 0),
(306, 14, 'حسام مجدي', 'مدير', 200000, 4, '2023-05-02', '2023-05-02 06:20:39', '2023-05-02 06:19:06', 0, 1, 0, 0, '', 240, 0, 0, 0),
(307, 15, 'احمد عماد', 'كاشير', 3600, 8, '2023-05-02', '2023-05-02 06:19:06', '2023-05-02 06:19:06', 0, 0, 1, 0, '', 0, 0, 0, 0),
(308, 17, 'اخمد مجدي', 'مدير', 5000, 8, '2023-05-02', '2023-05-02 06:20:43', '2023-05-02 06:19:06', 0, 0, 0, 0, '', 0, 0, 0, 0),
(309, 18, 'احمد معوض', 'كاشير', 3000, 8, '2023-05-02', '2023-05-02 06:19:06', '2023-05-02 06:19:06', 0, 0, 1, 0, '', 0, 0, 0, 0),
(310, 22, 'محمد يوسف', 'مشرف', 4500, 12, '2023-05-02', '2023-05-02 06:19:06', '2023-05-02 06:19:06', 0, 0, 1, 0, '', 0, 0, 0, 0),
(311, 24, 'احمد عبدالله', 'بائع', 3000, 8, '2023-05-02', '2023-05-02 06:19:06', '2023-05-02 06:19:06', 0, 0, 1, 0, '', 0, 0, 0, 0),
(312, 20, 'حسام سامح', 'بائع', 3500, 12, '2023-05-02', '2023-05-02 06:19:06', '2023-05-02 06:19:06', 0, 0, 1, 0, '', 0, 0, 0, 0),
(313, 23, 'اخمد سعيد', 'بائع', 5000, 8, '2023-05-02', '2023-05-02 06:19:06', '2023-05-02 06:19:06', 0, 0, 1, 0, '', 0, 0, 0, 0),
(314, 21, 'احمد رضا', 'كاشير', 3000, 8, '2023-05-02', '2023-05-02 06:19:06', '2023-05-02 06:19:06', 0, 0, 1, 0, '', 0, 0, 0, 0),
(315, 25, 'محمد صادق', 'بائع', 4500, 12, '2023-05-02', '2023-05-02 06:19:06', '2023-05-02 06:19:06', 0, 0, 1, 0, '', 0, 0, 0, 0),
(316, 26, 'احمد خالد', 'كاشير', 3000, 8, '2023-05-02', '2023-05-02 06:19:06', '2023-05-02 06:19:06', 0, 0, 1, 0, '', 0, 0, 0, 0),
(317, 14, 'حسام مجدي', 'مدير', 200000, 4, '2023-05-07', '2023-05-06 23:01:13', '2023-05-06 23:00:46', 0, 1, 0, 0, '', 240, 0, 0, 0),
(318, 22, 'محمد يوسف', 'مشرف', 4500, 12, '2023-05-07', '2023-05-06 23:00:56', '2023-05-06 23:01:22', 1, 0, 0, 0, '', 0, 0, 0, 0),
(319, 21, 'احمد رضا', 'كاشير', 3000, 8, '2023-05-07', '2023-05-06 23:00:46', '2023-05-06 23:00:46', 0, 0, 1, 0, '', 0, 0, 0, 0),
(320, 24, 'احمد عبدالله', 'بائع', 3000, 8, '2023-05-07', '2023-05-06 23:00:46', '2023-05-06 23:00:46', 0, 0, 1, 0, '', 0, 0, 0, 0),
(321, 17, 'اخمد مجدي', 'مدير', 5000, 8, '2023-05-07', '2023-05-06 23:00:46', '2023-05-06 23:00:46', 0, 0, 1, 0, '', 0, 0, 0, 0),
(322, 18, 'احمد معوض', 'كاشير', 3000, 8, '2023-05-07', '2023-05-06 23:00:46', '2023-05-06 23:00:46', 0, 0, 1, 0, '', 0, 0, 0, 0),
(323, 23, 'اخمد سعيد', 'بائع', 5000, 8, '2023-05-07', '2023-05-06 23:00:46', '2023-05-06 23:00:46', 0, 0, 1, 0, '', 0, 0, 0, 0),
(324, 20, 'حسام سامح', 'بائع', 3500, 12, '2023-05-07', '2023-05-06 23:00:46', '2023-05-06 23:00:46', 0, 0, 1, 0, '', 0, 0, 0, 0),
(325, 15, 'احمد عماد', 'كاشير', 3600, 8, '2023-05-07', '2023-05-06 23:00:46', '2023-05-06 23:00:46', 0, 0, 1, 0, '', 0, 0, 0, 0),
(326, 26, 'احمد خالد', 'كاشير', 3000, 8, '2023-05-07', '2023-05-06 23:00:46', '2023-05-06 23:00:46', 0, 0, 1, 0, '', 0, 0, 0, 0),
(327, 27, 'test', 'مشرف', 3600, 8, '2023-05-07', '2023-05-06 23:00:46', '2023-05-06 23:00:46', 0, 0, 1, 0, '', 0, 0, 0, 0),
(328, 25, 'محمد صادق', 'بائع', 4500, 12, '2023-05-07', '2023-05-06 23:00:46', '2023-05-06 23:00:46', 0, 0, 1, 0, '', 0, 0, 0, 0),
(329, 15, 'احمد عماد', 'كاشير', 3600, 8, '2023-05-14', '2023-05-14 20:14:11', '2023-05-14 20:15:52', 1, 0, 0, 120, 'لا  يوجد  اذن  ولكنه خصم', 1, 0, 10, 0),
(330, 21, 'احمد رضا', 'كاشير', 3000, 8, '2023-05-14', '2023-05-14 20:14:24', '2023-05-14 20:15:05', 1, 0, 0, 0, '', 0, 0, 0, 0),
(331, 17, 'اخمد مجدي', 'مدير', 5000, 8, '2023-05-14', '2023-05-14 19:54:00', '2023-05-14 19:54:00', 0, 0, 1, 0, '', 0, 0, 0, 0),
(332, 14, 'حسام مجدي', 'مدير', 200000, 4, '2023-05-14', '2023-05-14 19:54:00', '2023-05-14 19:54:00', 0, 0, 1, 0, '', 0, 0, 0, 0),
(333, 22, 'محمد يوسف', 'مشرف', 4500, 12, '2023-05-14', '2023-05-14 19:54:00', '2023-05-14 19:54:00', 0, 0, 1, 0, '', 0, 0, 0, 0),
(334, 20, 'حسام سامح', 'بائع', 3500, 12, '2023-05-14', '2023-05-14 19:54:00', '2023-05-14 19:54:00', 0, 0, 1, 0, '', 0, 0, 0, 0),
(335, 23, 'اخمد سعيد', 'بائع', 5000, 8, '2023-05-14', '2023-05-14 19:54:00', '2023-05-14 19:54:00', 0, 0, 1, 0, '', 0, 0, 0, 0),
(336, 24, 'احمد عبدالله', 'بائع', 3000, 8, '2023-05-14', '2023-05-14 19:54:00', '2023-05-14 19:54:00', 0, 0, 1, 0, '', 0, 0, 0, 0),
(337, 18, 'احمد معوض', 'كاشير', 3000, 8, '2023-05-14', '2023-05-14 20:14:35', '2023-05-14 20:14:55', 1, 0, 0, 0, '', 0, 0, 0, 0),
(338, 26, 'احمد خالد', 'كاشير', 3000, 8, '2023-05-14', '2023-05-14 20:14:41', '2023-05-14 19:54:00', 0, 1, 0, 0, '', 480, 0, 0, 0),
(339, 27, 'test', 'مشرف', 3600, 8, '2023-05-14', '2023-05-14 19:54:00', '2023-05-14 19:54:00', 0, 0, 1, 0, '', 0, 0, 0, 0),
(340, 25, 'محمد صادق', 'بائع', 4500, 12, '2023-05-14', '2023-05-14 19:54:00', '2023-05-14 19:54:00', 0, 0, 1, 0, '', 0, 0, 0, 0),
(341, 14, 'حسام مجدي', 'مدير', 200000, 4, '2023-05-15', '2023-05-15 15:06:46', '2023-05-15 15:06:46', 0, 0, 1, 0, '', 0, 0, 0, 0),
(342, 21, 'احمد رضا', 'كاشير', 3000, 8, '2023-05-15', '2023-05-15 15:06:46', '2023-05-15 15:06:46', 0, 0, 1, 0, '', 0, 0, 0, 0),
(343, 27, 'test', 'مشرف', 3600, 8, '2023-05-15', '2023-05-15 15:06:46', '2023-05-15 15:06:46', 0, 0, 1, 0, '', 0, 0, 0, 0),
(344, 17, 'اخمد مجدي', 'مدير', 5000, 8, '2023-05-15', '2023-05-15 15:06:46', '2023-05-15 15:06:46', 0, 0, 1, 0, '', 0, 0, 0, 0),
(345, 18, 'احمد معوض', 'كاشير', 3000, 8, '2023-05-15', '2023-05-15 15:06:46', '2023-05-15 15:06:46', 0, 0, 1, 0, '', 0, 0, 0, 0),
(346, 24, 'احمد عبدالله', 'بائع', 3000, 8, '2023-05-15', '2023-05-15 15:06:46', '2023-05-15 15:06:46', 0, 0, 1, 0, '', 0, 0, 0, 0),
(347, 23, 'اخمد سعيد', 'بائع', 5000, 8, '2023-05-15', '2023-05-15 15:06:46', '2023-05-15 15:06:46', 0, 0, 1, 0, '', 0, 0, 0, 0),
(348, 25, 'محمد صادق', 'بائع', 4500, 12, '2023-05-15', '2023-05-15 15:06:46', '2023-05-15 15:06:46', 0, 0, 1, 0, '', 0, 0, 0, 0),
(349, 22, 'محمد يوسف', 'مشرف', 4500, 12, '2023-05-15', '2023-05-15 15:06:46', '2023-05-15 15:06:46', 0, 0, 1, 0, '', 0, 0, 0, 0),
(350, 20, 'حسام سامح', 'بائع', 3500, 12, '2023-05-15', '2023-05-15 15:06:46', '2023-05-15 15:06:46', 0, 0, 1, 0, '', 0, 0, 0, 0),
(351, 15, 'احمد عماد', 'كاشير', 3600, 8, '2023-05-15', '2023-05-15 15:06:46', '2023-05-15 15:06:46', 0, 0, 1, 0, '', 0, 0, 0, 0),
(352, 26, 'احمد خالد', 'كاشير', 3000, 8, '2023-05-15', '2023-05-15 15:06:46', '2023-05-15 15:06:46', 0, 0, 1, 0, '', 0, 0, 0, 0),
(353, 14, 'حسام مجدي', 'مدير', 200000, 4, '2023-06-01', '2023-06-01 11:15:42', '2023-06-01 11:15:42', 0, 0, 1, 0, '', 0, 0, 0, 0),
(354, 22, 'محمد يوسف', 'مشرف', 4500, 12, '2023-06-01', '2023-06-01 11:15:42', '2023-06-01 11:15:42', 0, 0, 1, 0, '', 0, 0, 0, 0),
(355, 27, 'test', 'مشرف', 3600, 8, '2023-06-01', '2023-06-01 11:15:42', '2023-06-01 11:15:42', 0, 0, 1, 0, '', 0, 0, 0, 0),
(356, 18, 'احمد معوض', 'كاشير', 3000, 8, '2023-06-01', '2023-06-01 11:15:42', '2023-06-01 11:15:42', 0, 0, 1, 0, '', 0, 0, 0, 0),
(357, 17, 'اخمد مجدي', 'مدير', 5000, 8, '2023-06-01', '2023-06-01 11:15:42', '2023-06-01 11:15:42', 0, 0, 1, 0, '', 0, 0, 0, 0),
(358, 26, 'احمد خالد', 'كاشير', 3000, 8, '2023-06-01', '2023-06-01 11:15:42', '2023-06-01 11:15:42', 0, 0, 1, 0, '', 0, 0, 0, 0),
(359, 20, 'حسام سامح', 'بائع', 3500, 12, '2023-06-01', '2023-06-01 11:15:42', '2023-06-01 11:15:42', 0, 0, 1, 0, '', 0, 0, 0, 0),
(360, 15, 'احمد عماد', 'كاشير', 3600, 8, '2023-06-01', '2023-06-01 11:15:42', '2023-06-01 11:15:42', 0, 0, 1, 0, '', 0, 0, 0, 0),
(361, 21, 'احمد رضا', 'كاشير', 3000, 8, '2023-06-01', '2023-06-01 11:15:42', '2023-06-01 11:15:42', 0, 0, 1, 0, '', 0, 0, 0, 0),
(362, 23, 'اخمد سعيد', 'بائع', 5000, 8, '2023-06-01', '2023-06-01 11:15:42', '2023-06-01 11:15:42', 0, 0, 1, 0, '', 0, 0, 0, 0),
(363, 24, 'احمد عبدالله', 'بائع', 3000, 8, '2023-06-01', '2023-06-01 11:15:42', '2023-06-01 11:15:42', 0, 0, 1, 0, '', 0, 0, 0, 0),
(364, 25, 'محمد صادق', 'بائع', 4500, 12, '2023-06-01', '2023-06-01 11:15:42', '2023-06-01 11:15:42', 0, 0, 1, 0, '', 0, 0, 0, 0),
(365, 18, 'احمد معوض', 'كاشير', 3000, 8, '2023-06-05', '2023-06-05 20:35:58', '2023-06-05 20:35:58', 0, 0, 1, 0, '', 0, 0, 0, 0),
(366, 15, 'احمد عماد', 'كاشير', 3600, 8, '2023-06-05', '2023-06-05 20:35:58', '2023-06-05 20:35:58', 0, 0, 1, 0, '', 0, 0, 0, 0),
(367, 21, 'احمد رضا', 'كاشير', 3000, 8, '2023-06-05', '2023-06-05 20:35:58', '2023-06-05 20:35:58', 0, 0, 1, 0, '', 0, 0, 0, 0),
(368, 17, 'اخمد مجدي', 'مدير', 5000, 8, '2023-06-05', '2023-06-05 20:35:58', '2023-06-05 20:35:58', 0, 0, 1, 0, '', 0, 0, 0, 0),
(369, 25, 'محمد صادق', 'بائع', 4500, 12, '2023-06-05', '2023-06-05 20:35:58', '2023-06-05 20:35:58', 0, 0, 1, 0, '', 0, 0, 0, 0),
(370, 20, 'حسام سامح', 'بائع', 3500, 12, '2023-06-05', '2023-06-05 20:35:58', '2023-06-05 20:35:58', 0, 0, 1, 0, '', 0, 0, 0, 0),
(371, 14, 'حسام مجدي', 'مدير', 200000, 4, '2023-06-05', '2023-06-05 20:36:19', '2023-06-05 20:36:35', 1, 0, 0, 0, '', 0, 0, 0, 0),
(372, 26, 'احمد خالد', 'كاشير', 3000, 8, '2023-06-05', '2023-06-05 20:35:58', '2023-06-05 20:35:58', 0, 0, 1, 0, '', 0, 0, 0, 0),
(373, 23, 'اخمد سعيد', 'بائع', 5000, 8, '2023-06-05', '2023-06-05 20:35:58', '2023-06-05 20:35:58', 0, 0, 1, 0, '', 0, 0, 0, 0),
(374, 24, 'احمد عبدالله', 'بائع', 3000, 8, '2023-06-05', '2023-06-05 20:35:58', '2023-06-05 20:35:58', 0, 0, 1, 0, '', 0, 0, 0, 0),
(375, 27, 'test', 'مشرف', 3600, 8, '2023-06-05', '2023-06-05 20:35:58', '2023-06-05 20:35:58', 0, 0, 1, 0, '', 0, 0, 0, 0),
(376, 22, 'محمد يوسف', 'مشرف', 4500, 12, '2023-06-05', '2023-06-05 20:35:58', '2023-06-05 20:35:58', 0, 0, 1, 0, '', 0, 0, 0, 0);

-- --------------------------------------------------------

--
-- Table structure for table `emp_salery`
--

CREATE TABLE `emp_salery` (
  `month_id` int(11) NOT NULL,
  `emp_id` int(10) NOT NULL DEFAULT 0,
  `emp_name` varchar(50) NOT NULL DEFAULT 'emp_name',
  `emp_jop` varchar(20) NOT NULL DEFAULT 'emp_jop',
  `emp_sal` int(11) NOT NULL DEFAULT 0,
  `emp_hours` tinyint(4) NOT NULL DEFAULT 0,
  `year` varchar(10) NOT NULL DEFAULT 'year',
  `month` varchar(15) NOT NULL DEFAULT 'month',
  `minutes` int(11) NOT NULL DEFAULT 0,
  `minutes_rest` int(11) NOT NULL DEFAULT 0,
  `attend` tinyint(4) NOT NULL DEFAULT 0,
  `holiday` tinyint(4) NOT NULL DEFAULT 0,
  `absence` tinyint(4) NOT NULL DEFAULT 0,
  `payment` int(11) NOT NULL DEFAULT 0,
  `exept` int(11) NOT NULL DEFAULT 0,
  `bouns` int(11) NOT NULL DEFAULT 0
) ENGINE=InnoDB DEFAULT CHARSET=utf8mb4 COLLATE=utf8mb4_general_ci;

--
-- Dumping data for table `emp_salery`
--

INSERT INTO `emp_salery` (`month_id`, `emp_id`, `emp_name`, `emp_jop`, `emp_sal`, `emp_hours`, `year`, `month`, `minutes`, `minutes_rest`, `attend`, `holiday`, `absence`, `payment`, `exept`, `bouns`) VALUES
(67, 17, 'اخمد مجدي', 'مدير', 5000, 8, '2023', '4', 0, 0, 0, 0, 0, 0, 0, 0),
(68, 18, 'احمد معوض', 'كاشير', 3000, 8, '2023', '4', 0, 0, 0, 0, 0, 0, 0, 0),
(69, 14, 'حسام مجدي', 'مدير', 200000, 4, '2023', '4', 0, 0, 0, 0, 0, 0, 0, 0),
(70, 25, 'محمد صادق', 'بائع', 4500, 12, '2023', '4', 0, 0, 0, 0, 0, 0, 0, 0),
(71, 24, 'احمد عبدالله', 'بائع', 3000, 8, '2023', '4', 0, 0, 0, 0, 0, 0, 0, 0),
(72, 15, 'احمد عماد', 'كاشير', 3600, 8, '2023', '4', 0, 0, 0, 0, 0, 0, 0, 0),
(73, 20, 'حسام سامح', 'بائع', 3500, 12, '2023', '4', 0, 0, 0, 0, 0, 0, 0, 0),
(74, 23, 'اخمد سعيد', 'بائع', 5000, 8, '2023', '4', 0, 0, 0, 0, 0, 0, 0, 0),
(75, 21, 'احمد رضا', 'كاشير', 3000, 8, '2023', '4', 0, 0, 0, 0, 0, 0, 0, 0),
(76, 22, 'محمد يوسف', 'مشرف', 4500, 12, '2023', '4', 720, 0, 0, 1, 0, 0, 0, 0),
(77, 26, 'احمد خالد', 'كاشير', 3000, 8, '2023', '4', 0, 0, 0, 0, 0, 0, 0, 0),
(78, 14, 'حسام مجدي', 'مدير', 200000, 4, '2023', '5', 480, 0, 0, 2, 0, 0, 0, 0),
(79, 17, 'اخمد مجدي', 'مدير', 5000, 8, '2023', '5', 0, 0, 0, 0, 0, 0, 0, 0),
(80, 20, 'حسام سامح', 'بائع', 3500, 12, '2023', '5', 0, 0, 0, 0, 0, 0, 0, 0),
(81, 18, 'احمد معوض', 'كاشير', 3000, 8, '2023', '5', 0, 0, 1, 0, 0, 0, 0, 0),
(82, 22, 'محمد يوسف', 'مشرف', 4500, 12, '2023', '5', 0, 0, 1, 0, 0, 0, 0, 0),
(83, 26, 'احمد خالد', 'كاشير', 3000, 8, '2023', '5', 480, 0, 0, 1, 0, 0, 0, 0),
(84, 21, 'احمد رضا', 'كاشير', 3000, 8, '2023', '5', 480, 0, 1, 1, 0, 0, 0, 0),
(85, 25, 'محمد صادق', 'بائع', 4500, 12, '2023', '5', 0, 0, 0, 0, 0, 0, 0, 0),
(86, 23, 'اخمد سعيد', 'بائع', 5000, 8, '2023', '5', 960, 0, 0, 2, 0, 0, 0, 0),
(87, 24, 'احمد عبدالله', 'بائع', 3000, 8, '2023', '5', 0, 0, 0, 0, 0, 0, 0, 0),
(88, 15, 'احمد عماد', 'كاشير', 3600, 8, '2023', '5', 481, 120, 1, 1, 0, 0, 10, 0),
(89, 27, 'test', 'مشرف', 3600, 8, '2023', '5', 0, 0, 0, 0, 0, 0, 0, 0),
(90, 26, 'احمد خالد', 'كاشير', 3000, 8, '2023', '6', 0, 0, 0, 0, 0, 0, 0, 0),
(91, 25, 'محمد صادق', 'بائع', 4500, 12, '2023', '6', 0, 0, 0, 0, 0, 0, 0, 0),
(92, 27, 'test', 'مشرف', 3600, 8, '2023', '6', 0, 0, 0, 0, 0, 0, 0, 0),
(93, 21, 'احمد رضا', 'كاشير', 3000, 8, '2023', '6', 0, 0, 0, 0, 0, 0, 0, 0),
(94, 22, 'محمد يوسف', 'مشرف', 4500, 12, '2023', '6', 0, 0, 0, 0, 0, 0, 0, 0),
(95, 17, 'اخمد مجدي', 'مدير', 5000, 8, '2023', '6', 0, 0, 0, 0, 0, 0, 0, 0),
(96, 15, 'احمد عماد', 'كاشير', 3600, 8, '2023', '6', 0, 0, 0, 0, 0, 0, 0, 0),
(97, 20, 'حسام سامح', 'بائع', 3500, 12, '2023', '6', 0, 0, 0, 0, 0, 0, 0, 0),
(98, 14, 'حسام مجدي', 'مدير', 200000, 4, '2023', '6', 0, 0, 1, 0, 0, 0, 0, 0),
(99, 24, 'احمد عبدالله', 'بائع', 3000, 8, '2023', '6', 0, 0, 0, 0, 0, 0, 0, 0),
(100, 18, 'احمد معوض', 'كاشير', 3000, 8, '2023', '6', 0, 0, 0, 0, 0, 0, 0, 0),
(101, 23, 'اخمد سعيد', 'بائع', 5000, 8, '2023', '6', 0, 0, 0, 0, 0, 0, 0, 0);

-- --------------------------------------------------------

--
-- Table structure for table `reports`
--

CREATE TABLE `reports` (
  `id` int(11) NOT NULL,
  `agent_name` varchar(255) NOT NULL DEFAULT 'name',
  `fb_posts` int(11) NOT NULL DEFAULT 0,
  `fb_rells` int(11) NOT NULL DEFAULT 0,
  `fb_storys` int(11) NOT NULL DEFAULT 0,
  `fb_videos` int(11) NOT NULL DEFAULT 0,
  `ins_posts` int(11) NOT NULL DEFAULT 0,
  `ins_rells` int(11) NOT NULL DEFAULT 0,
  `ins_storys` int(11) NOT NULL DEFAULT 0,
  `ins_videos` int(11) NOT NULL DEFAULT 0,
  `ins_highlight` int(11) NOT NULL DEFAULT 0,
  `wb_blog` int(11) NOT NULL DEFAULT 0,
  `wb_photos` int(11) NOT NULL DEFAULT 0,
  `wb_videos` int(11) NOT NULL DEFAULT 0,
  `yt_shorts` int(11) NOT NULL DEFAULT 0,
  `yt_videos` int(11) NOT NULL DEFAULT 0,
  `ds_frame` int(11) NOT NULL DEFAULT 0,
  `ds_cover` int(11) NOT NULL DEFAULT 0,
  `ds_posts` int(11) NOT NULL DEFAULT 0,
  `date` timestamp NOT NULL DEFAULT current_timestamp()
) ENGINE=InnoDB DEFAULT CHARSET=utf8mb4 COLLATE=utf8mb4_general_ci;

-- --------------------------------------------------------

--
-- Table structure for table `statistics`
--

CREATE TABLE `statistics` (
  `id` int(11) NOT NULL,
  `campaign_id` varchar(255) NOT NULL DEFAULT 'campaign_id',
  `messages` int(11) NOT NULL DEFAULT 0,
  `reach` int(11) NOT NULL DEFAULT 0,
  `comments` int(11) NOT NULL DEFAULT 0,
  `likes` int(11) NOT NULL DEFAULT 0,
  `date` timestamp NOT NULL DEFAULT current_timestamp()
) ENGINE=InnoDB DEFAULT CHARSET=utf8mb4 COLLATE=utf8mb4_general_ci;

-- --------------------------------------------------------

--
-- Table structure for table `users`
--

CREATE TABLE `users` (
  `user_id` int(11) NOT NULL,
  `user_name` varchar(100) NOT NULL DEFAULT 'user_name',
  `user_password` varchar(100) NOT NULL DEFAULT 'user_password',
  `user_admin` tinyint(4) NOT NULL DEFAULT 0,
  `user_time` timestamp NOT NULL DEFAULT current_timestamp()
) ENGINE=InnoDB DEFAULT CHARSET=utf8mb4 COLLATE=utf8mb4_general_ci;

--
-- Dumping data for table `users`
--

INSERT INTO `users` (`user_id`, `user_name`, `user_password`, `user_admin`, `user_time`) VALUES
(1, 'admin', '123456', 1, '2023-03-24 22:10:55'),
(2, 'user', '123456', 0, '2023-03-24 22:10:55'),
(6, 'supmanger', '123456', 2, '2023-04-29 18:48:57'),
(7, '1', '1', 0, '2023-04-29 19:51:40'),
(8, 'empl', '123456', 0, '2023-05-04 04:44:25'),
(9, 'testAdmin', '123456', 1, '2023-05-04 04:49:02');

--
-- Indexes for dumped tables
--

--
-- Indexes for table `agents`
--
ALTER TABLE `agents`
  ADD PRIMARY KEY (`id`);

--
-- Indexes for table `campaigns`
--
ALTER TABLE `campaigns`
  ADD PRIMARY KEY (`id`);

--
-- Indexes for table `emp`
--
ALTER TABLE `emp`
  ADD PRIMARY KEY (`emp_id`);

--
-- Indexes for table `emp_attend`
--
ALTER TABLE `emp_attend`
  ADD PRIMARY KEY (`day_id`);

--
-- Indexes for table `emp_salery`
--
ALTER TABLE `emp_salery`
  ADD PRIMARY KEY (`month_id`);

--
-- Indexes for table `reports`
--
ALTER TABLE `reports`
  ADD PRIMARY KEY (`id`);

--
-- Indexes for table `statistics`
--
ALTER TABLE `statistics`
  ADD PRIMARY KEY (`id`);

--
-- Indexes for table `users`
--
ALTER TABLE `users`
  ADD PRIMARY KEY (`user_id`);

--
-- AUTO_INCREMENT for dumped tables
--

--
-- AUTO_INCREMENT for table `agents`
--
ALTER TABLE `agents`
  MODIFY `id` int(11) NOT NULL AUTO_INCREMENT;

--
-- AUTO_INCREMENT for table `campaigns`
--
ALTER TABLE `campaigns`
  MODIFY `id` int(11) NOT NULL AUTO_INCREMENT;

--
-- AUTO_INCREMENT for table `emp`
--
ALTER TABLE `emp`
  MODIFY `emp_id` int(11) NOT NULL AUTO_INCREMENT, AUTO_INCREMENT=28;

--
-- AUTO_INCREMENT for table `emp_attend`
--
ALTER TABLE `emp_attend`
  MODIFY `day_id` int(11) NOT NULL AUTO_INCREMENT, AUTO_INCREMENT=377;

--
-- AUTO_INCREMENT for table `emp_salery`
--
ALTER TABLE `emp_salery`
  MODIFY `month_id` int(11) NOT NULL AUTO_INCREMENT, AUTO_INCREMENT=102;

--
-- AUTO_INCREMENT for table `reports`
--
ALTER TABLE `reports`
  MODIFY `id` int(11) NOT NULL AUTO_INCREMENT;

--
-- AUTO_INCREMENT for table `statistics`
--
ALTER TABLE `statistics`
  MODIFY `id` int(11) NOT NULL AUTO_INCREMENT;

--
-- AUTO_INCREMENT for table `users`
--
ALTER TABLE `users`
  MODIFY `user_id` int(11) NOT NULL AUTO_INCREMENT, AUTO_INCREMENT=10;
COMMIT;

/*!40101 SET CHARACTER_SET_CLIENT=@OLD_CHARACTER_SET_CLIENT */;
/*!40101 SET CHARACTER_SET_RESULTS=@OLD_CHARACTER_SET_RESULTS */;
/*!40101 SET COLLATION_CONNECTION=@OLD_COLLATION_CONNECTION */;
